event	du_pvalue_min	du_pvalue_max	nb_splice_min	nb_splice_max	clipped_3p_min	clipped_3p_max	nb_snv_min	nb_snv_max	nb_hit_min	nb_hit_max	contig_size_min	contig_size_max	gene_is_diff	gene_symbol	as_gene_id	is_mapped	exonic	intronic	other
splice	NA	NA	1	NA	NA	NA	NA	NA	1	1	NA	NA	NA	known	NA	TRUE	NA	NA	abs(start-end)<10000
splice_DU	NA	0.01	1	NA	NA	NA	NA	NA	1	1	NA	NA	NA	known	NA	TRUE	NA	NA	abs(start-end)<10000
polyA	NA	NA	NA	NA	5	NA	NA	NA	1	1	NA	NA	NA	NA	NA	TRUE	NA	NA	grepl('(AATAAA|ATTAAA|AGTAAA|TATAAA|CATAAA|GATAAA|AATATA|AATACA|AATAGA|ACTAAA).*AAAAA$',contig)
polyA_DU	NA	0.01	NA	NA	5	NA	NA	NA	1	1	NA	NA	NA	known	NA	TRUE	NA	NA	grepl('(AATAAA|ATTAAA|AGTAAA|TATAAA|CATAAA|GATAAA|AATATA|AATACA|AATAGA|ACTAAA).*AAAAA$',contig)
antisense	NA	NA	NA	NA	NA	NA	NA	NA	1	1	201	NA	NA	unknown	known	TRUE	NA	NA	NA
linkRNA	NA	NA	NA	NA	NA	NA	NA	NA	1	1	201	NA	NA	unknown	unknown	TRUE	NA	NA	NA
SNV	NA	NA	NA	NA	NA	NA	1	NA	1	1	NA	NA	NA	known	unknown	TRUE	TRUE	NA	(meanA>20|meanB>20)
SNV_DU	NA	0.01	NA	NA	NA	NA	1	NA	1	1	NA	NA	NA	known	unknown	TRUE	TRUE	NA	(meanA>20|meanB>20)
intron	NA	NA	0	0	0	0	NA	NA	1	1	NA	NA	NA	known	unknown	TRUE	NA	TRUE	abs(start-end)<10000
intron_DU	NA	0.01	0	0	0	0	NA	NA	1	1	NA	NA	NA	known	unknown	TRUE	NA	TRUE	abs(start-end)<10000
repeat	NA	NA	NA	NA	NA	NA	NA	NA	6	NA	51	NA	FALSE	NA	NA	TRUE	NA	NA	NA
split	NA	NA	NA	NA	NA	NA	NA	NA	NA	2	NA	NA	NA	NA	NA	NA	NA	NA	NA
unmapped	NA	NA	NA	NA	NA	NA	NA	NA	NA	NA	51	NA	NA	NA	NA	FALSE	NA	NA	NA
custom	NA	NA	NA	NA	NA	NA	NA	NA	NA	NA	NA	NA	NA	NA	NA	NA	NA	NA	NA